<?xml version="1.0" encoding="UTF-8"?>
<GenRun Id="impl_1" LaunchPart="xc7k70tfbv676-1" LaunchTime="1735021167">
  <File Type="ROUTE-PWR" Name="K_MAP_power_routed.rpt"/>
  <File Type="PA-TCL" Name="K_MAP.tcl"/>
  <File Type="ROUTE-PWR-SUM" Name="K_MAP_power_summary_routed.pb"/>
  <File Type="REPORTS-TCL" Name="K_MAP_reports.tcl"/>
  <File Type="OPT-RQA-PB" Name="K_MAP_rqa_opted.pb"/>
  <File Type="BITSTR-MMI" Name="K_MAP.mmi"/>
  <File Type="OPT-METHODOLOGY-DRC" Name="K_MAP_methodology_drc_opted.rpt"/>
  <File Type="INIT-TIMING" Name="K_MAP_timing_summary_init.rpt"/>
  <File Type="OPT-TIMING" Name="K_MAP_timing_summary_opted.rpt"/>
  <File Type="OPT-DCP" Name="K_MAP_opt.dcp"/>
  <File Type="OPT-DRC" Name="K_MAP_drc_opted.rpt"/>
  <File Type="OPT-HWDEF" Name="K_MAP.hwdef"/>
  <File Type="PWROPT-DCP" Name="K_MAP_pwropt.dcp"/>
  <File Type="PWROPT-DRC" Name="K_MAP_drc_pwropted.rpt"/>
  <File Type="PWROPT-TIMING" Name="K_MAP_timing_summary_pwropted.rpt"/>
  <File Type="PLACE-DCP" Name="K_MAP_placed.dcp"/>
  <File Type="PLACE-IO" Name="K_MAP_io_placed.rpt"/>
  <File Type="PLACE-CLK" Name="K_MAP_clock_utilization_placed.rpt"/>
  <File Type="PLACE-UTIL" Name="K_MAP_utilization_placed.rpt"/>
  <File Type="PLACE-UTIL-PB" Name="K_MAP_utilization_placed.pb"/>
  <File Type="PLACE-CTRL" Name="K_MAP_control_sets_placed.rpt"/>
  <File Type="PLACE-SIMILARITY" Name="K_MAP_incremental_reuse_placed.rpt"/>
  <File Type="PLACE-PRE-SIMILARITY" Name="K_MAP_incremental_reuse_pre_placed.rpt"/>
  <File Type="BG-BIN" Name="K_MAP.bin"/>
  <File Type="PLACE-TIMING" Name="K_MAP_timing_summary_placed.rpt"/>
  <File Type="ROUTE-PWR-RPX" Name="K_MAP_power_routed.rpx"/>
  <File Type="PLACE-RQA-PB" Name="K_MAP_rqa_placed.pb"/>
  <File Type="POSTPLACE-PWROPT-DCP" Name="K_MAP_postplace_pwropt.dcp"/>
  <File Type="BITSTR-MSK" Name="K_MAP.msk"/>
  <File Type="POSTPLACE-PWROPT-TIMING" Name="K_MAP_timing_summary_postplace_pwropted.rpt"/>
  <File Type="PHYSOPT-DCP" Name="K_MAP_physopt.dcp"/>
  <File Type="PHYSOPT-DRC" Name="K_MAP_drc_physopted.rpt"/>
  <File Type="BITSTR-RBT" Name="K_MAP.rbt"/>
  <File Type="PHYSOPT-TIMING" Name="K_MAP_timing_summary_physopted.rpt"/>
  <File Type="ROUTE-ERROR-DCP" Name="K_MAP_routed_error.dcp"/>
  <File Type="ROUTE-DCP" Name="K_MAP_routed.dcp"/>
  <File Type="ROUTE-BLACKBOX-DCP" Name="K_MAP_routed_bb.dcp"/>
  <File Type="ROUTE-DRC" Name="K_MAP_drc_routed.rpt"/>
  <File Type="ROUTE-DRC-PB" Name="K_MAP_drc_routed.pb"/>
  <File Type="ROUTE-DRC-RPX" Name="K_MAP_drc_routed.rpx"/>
  <File Type="ROUTE-METHODOLOGY-DRC" Name="K_MAP_methodology_drc_routed.rpt"/>
  <File Type="ROUTE-METHODOLOGY-DRC-RPX" Name="K_MAP_methodology_drc_routed.rpx"/>
  <File Type="ROUTE-METHODOLOGY-DRC-PB" Name="K_MAP_methodology_drc_routed.pb"/>
  <File Type="ROUTE-RQS-PB" Name="K_MAP_rqs_routed.pb"/>
  <File Type="ROUTE-STATUS" Name="K_MAP_route_status.rpt"/>
  <File Type="ROUTE-STATUS-PB" Name="K_MAP_route_status.pb"/>
  <File Type="ROUTE-TIMINGSUMMARY" Name="K_MAP_timing_summary_routed.rpt"/>
  <File Type="ROUTE-TIMING-PB" Name="K_MAP_timing_summary_routed.pb"/>
  <File Type="ROUTE-TIMING-RPX" Name="K_MAP_timing_summary_routed.rpx"/>
  <File Type="ROUTE-SIMILARITY" Name="K_MAP_incremental_reuse_routed.rpt"/>
  <File Type="ROUTE-CLK" Name="K_MAP_clock_utilization_routed.rpt"/>
  <File Type="ROUTE-BUS-SKEW" Name="K_MAP_bus_skew_routed.rpt"/>
  <File Type="ROUTE-BUS-SKEW-PB" Name="K_MAP_bus_skew_routed.pb"/>
  <File Type="ROUTE-BUS-SKEW-RPX" Name="K_MAP_bus_skew_routed.rpx"/>
  <File Type="POSTROUTE-PHYSOPT-DCP" Name="K_MAP_postroute_physopt.dcp"/>
  <File Type="POSTROUTE-PHYSOPT-BLACKBOX-DCP" Name="K_MAP_postroute_physopt_bb.dcp"/>
  <File Type="POSTROUTE-PHYSOPT-TIMING" Name="K_MAP_timing_summary_postroute_physopted.rpt"/>
  <File Type="POSTROUTE-PHYSOPT-TIMING-PB" Name="K_MAP_timing_summary_postroute_physopted.pb"/>
  <File Type="POSTROUTE-PHYSOPT-TIMING-RPX" Name="K_MAP_timing_summary_postroute_physopted.rpx"/>
  <File Type="POSTROUTE-PHYSOPT-BUS-SKEW" Name="K_MAP_bus_skew_postroute_physopted.rpt"/>
  <File Type="BG-BIT" Name="K_MAP.bit"/>
  <File Type="POSTROUTE-PHYSOPT-BUS-SKEW-PB" Name="K_MAP_bus_skew_postroute_physopted.pb"/>
  <File Type="POSTROUTE-PHYSOPT-BUS-SKEW-RPX" Name="K_MAP_bus_skew_postroute_physopted.rpx"/>
  <File Type="BITSTR-NKY" Name="K_MAP.nky"/>
  <File Type="BITSTR-BMM" Name="K_MAP_bd.bmm"/>
  <File Type="PDI-FILE" Name="K_MAP.pdi"/>
  <File Type="BOOT-PDI-FILE" Name="K_MAP_boot.pdi"/>
  <File Type="PL-PDI-FILE" Name="K_MAP_pld.pdi"/>
  <File Type="RCFI_FILE" Name="K_MAP.rcfi"/>
  <File Type="CFI_FILE" Name="K_MAP.cfi"/>
  <File Type="RNPI_FILE" Name="K_MAP.rnpi"/>
  <File Type="NPI_FILE" Name="K_MAP.npi"/>
  <File Type="RBD_FILE" Name="K_MAP.rbd"/>
  <File Type="BITSTR-LTX" Name="debug_nets.ltx"/>
  <File Type="BITSTR-LTX" Name="K_MAP.ltx"/>
  <File Type="BITSTR-SYSDEF" Name="K_MAP.sysdef"/>
  <File Type="BG-BGN" Name="K_MAP.bgn"/>
  <File Type="BG-DRC" Name="K_MAP.drc"/>
  <File Type="RDI-RDI" Name="K_MAP.vdi"/>
  <File Type="WBT-USG" Name="usage_statistics_webtalk.html"/>
  <File Type="ROUTE-RQS" Name="K_MAP_routed.rqs"/>
  <File Type="POSTROUTE-PHYSOPT-RQS" Name="K_MAP_postroute_physopted.rqs"/>
  <File Type="ROUTE-RQS-RPT" Name="route_report_qor_suggestions_0.rpt"/>
  <File Type="POSTROUTE-PHYSOPT-RQS-RPT" Name="postroute_physopt_report_qor_suggestions_0.rpt"/>
  <FileSet Name="sources" Type="DesignSrcs" RelSrcDir="$PSRCDIR/sources_1" RelGenDir="$PGENDIR/sources_1">
    <Filter Type="Srcs"/>
    <File Path="$PSRCDIR/sources_1/new/K_MAP.v">
      <FileInfo>
        <Attr Name="IsGlobalInclude" Val="1"/>
        <Attr Name="UsedIn" Val="synthesis"/>
        <Attr Name="UsedIn" Val="implementation"/>
        <Attr Name="UsedIn" Val="simulation"/>
      </FileInfo>
    </File>
    <Config>
      <Option Name="DesignMode" Val="RTL"/>
      <Option Name="TopModule" Val="K_MAP"/>
      <Option Name="TopAutoSet" Val="TRUE"/>
    </Config>
  </FileSet>
  <FileSet Name="constrs_in" Type="Constrs" RelSrcDir="$PSRCDIR/constrs_1" RelGenDir="$PGENDIR/constrs_1">
    <Filter Type="Constrs"/>
    <Config>
      <Option Name="ConstrsType" Val="XDC"/>
    </Config>
  </FileSet>
  <FileSet Name="utils" Type="Utils" RelSrcDir="$PSRCDIR/utils_1" RelGenDir="$PGENDIR/utils_1">
    <Filter Type="Utils"/>
    <File Path="$PSRCDIR/utils_1/imports/synth_1/K_MAP.dcp">
      <FileInfo>
        <Attr Name="UsedIn" Val="synthesis"/>
        <Attr Name="UsedIn" Val="implementation"/>
        <Attr Name="UsedInSteps" Val="synth_1"/>
        <Attr Name="AutoDcp" Val="1"/>
      </FileInfo>
    </File>
    <Config>
      <Option Name="TopAutoSet" Val="TRUE"/>
    </Config>
  </FileSet>
  <Strategy Version="1" Minor="2">
    <StratHandle Name="Vivado Implementation Defaults" Flow="Vivado Implementation 2024"/>
    <Step Id="init_design"/>
    <Step Id="opt_design"/>
    <Step Id="power_opt_design"/>
    <Step Id="place_design"/>
    <Step Id="post_place_power_opt_design"/>
    <Step Id="phys_opt_design"/>
    <Step Id="route_design"/>
    <Step Id="post_route_phys_opt_design"/>
    <Step Id="write_bitstream"/>
  </Strategy>
</GenRun>
